benchmark,seed,proxy_minus_first_return,sieve_minus_proxy_return,risk_only_minus_proxy_return,oracle_minus_proxy_return,sieve_minus_proxy_success,sieve_minus_proxy_risk,sieve_minus_proxy_score
Taxi-v3,80,-13.583333333333334,12.166666666666666,13.333333333333334,13.583333333333334,0.0,-2.6196832109304946,-1.3233333333333348
Taxi-v3,81,-13.5,12.083333333333334,13.083333333333334,13.5,0.0,-2.737072136524141,-1.8258333333333356
Taxi-v3,82,-12.583333333333334,11.416666666666666,12.25,12.583333333333334,0.0,-2.579350671776071,-1.5191666666666686
Taxi-v3,83,-10.833333333333334,8.75,10.666666666666666,10.833333333333334,0.0,-2.0054560768157845,-1.4600000000000026
Taxi-v3,84,-12.666666666666666,10.833333333333334,12.666666666666666,12.666666666666666,0.0,-2.1821799241005837,-1.7408333333333352
