benchmark,seed,proxy_minus_first_return,sieve_minus_proxy_return,risk_only_minus_proxy_return,oracle_minus_proxy_return,sieve_minus_proxy_success,sieve_minus_proxy_risk,sieve_minus_proxy_score
Taxi-v3,80,-15.25,14.625,15.25,15.25,0.0,-3.0376853064920413,-1.891250000000002
Taxi-v3,81,-15.0,15.0,15.0,15.0,0.0,-3.439353274541345,-2.2850000000000033
Taxi-v3,82,-13.875,13.125,13.625,13.875,0.0,-2.742100726833207,-1.753750000000002
Taxi-v3,83,-12.75,12.25,12.5,12.75,0.0,-2.7825995355648425,-2.0275000000000034
Taxi-v3,84,-15.625,15.375,15.625,15.625,0.0,-3.008184115223677,-2.375000000000003
