N,exact_expected_true_utility,mc_expected_true_utility,abs_error,repetitions,population_size
1,0.1708039212503713,0.1929389680856999,0.022135046835328603,500,900
4,0.1068876914137855,0.09724082178832852,0.00964686962545698,500,900
16,0.03556692188013285,0.024339558568548688,0.011227363311584162,500,900
64,-0.014509312202257808,0.0032321803981883463,0.017741492600446156,500,900
256,-0.06264009325283361,-0.06339457487079246,0.000754481617958852,500,900
